{
  "annotations": {
    "list": [
      {
        "builtIn": 1,
        "datasource": {
          "type": "grafana",
          "uid": "-- Grafana --"
        },
        "enable": true,
        "hide": true,
        "iconColor": "rgba(0, 211, 255, 1)",
        "name": "Annotations & Alerts",
        "target": {
          "limit": 100,
          "matchAny": false,
          "tags": [],
          "type": "dashboard"
        },
        "type": "dashboard"
      }
    ]
  },
  "editable": true,
  "fiscalYearStartMonth": 0,
  "graphTooltip": 0,
  "id": 5,
  "links": [],
  "liveNow": false,
  "panels": [
    {
      "datasource": {
        "type": "prometheus",
        "uid": "PBFA97CFB590B2093"
      },
      "description": "",
      "fieldConfig": {
        "defaults": {
          "color": {
            "mode": "palette-classic"
          },
          "custom": {
            "axisLabel": "",
            "axisPlacement": "auto",
            "barAlignment": 0,
            "drawStyle": "line",
            "fillOpacity": 0,
            "gradientMode": "none",
            "hideFrom": {
              "legend": false,
              "tooltip": false,
              "viz": false
            },
            "lineInterpolation": "linear",
            "lineWidth": 1,
            "pointSize": 5,
            "scaleDistribution": {
              "type": "linear"
            },
            "showPoints": "auto",
            "spanNulls": false,
            "stacking": {
              "group": "A",
              "mode": "none"
            },
            "thresholdsStyle": {
              "mode": "off"
            }
          },
          "mappings": [],
          "thresholds": {
            "mode": "absolute",
            "steps": [
              {
                "color": "green",
                "value": null
              },
              {
                "color": "red",
                "value": 80
              }
            ]
          }
        },
        "overrides": [
          {
            "matcher": {
              "id": "byName",
              "options": "{application=\"item-relationship-service\", client_name=\"irs-aas-registry.dev.demo.catena-x.net\", instance=\"app-irs-dev:4004\", job=\"spring-actuator\", method=\"GET\", outcome=\"CLIENT_ERROR\", status=\"404\", uri=\"/registry/shell-descriptors/{uuid}\"}"
            },
            "properties": [
              {
                "id": "displayName",
                "value": "status=200"
              }
            ]
          },
          {
            "matcher": {
              "id": "byName",
              "options": "http_server_requests_seconds_max{application=\"item-relationship-service\", exception=\"None\", instance=\"app-irs-dev:4004\", job=\"spring-actuator\", method=\"GET\", outcome=\"SUCCESS\", status=\"200\", uri=\"/irs/jobs\"}"
            },
            "properties": [
              {
                "id": "displayName",
                "value": "irs/jobs get 2xx"
              }
            ]
          },
          {
            "matcher": {
              "id": "byName",
              "options": "{__name__=\"http_server_requests_seconds_max\", application=\"item-relationship-service\", exception=\"None\", instance=\"app-irs-dev:4004\", job=\"spring-actuator\", method=\"POST\", outcome=\"SUCCESS\", status=\"201\", uri=\"/irs/jobs\"}"
            },
            "properties": [
              {
                "id": "displayName",
                "value": "irs/jobs post 2xx"
              },
              {
                "id": "decimals",
                "value": 0
              }
            ]
          }
        ]
      },
      "gridPos": {
        "h": 8,
        "w": 8,
        "x": 0,
        "y": 0
      },
      "id": 9,
      "options": {
        "legend": {
          "calcs": [],
          "displayMode": "list",
          "placement": "bottom"
        },
        "tooltip": {
          "mode": "single",
          "sort": "none"
        }
      },
      "pluginVersion": "9.0.2",
      "targets": [
        {
          "datasource": {
            "type": "prometheus",
            "uid": "PBFA97CFB590B2093"
          },
          "editorMode": "builder",
          "expr": "sum(increase(http_server_requests_seconds_count{uri=\"/irs/jobs\", method=\"GET\"}[100y]))",
          "hide": false,
          "legendFormat": "GET /irs/jobs",
          "range": true,
          "refId": "A"
        },
        {
          "datasource": {
            "type": "prometheus",
            "uid": "PBFA97CFB590B2093"
          },
          "editorMode": "builder",
          "expr": "sum(increase(http_server_requests_seconds_count{uri=\"/irs/jobs\", method=\"POST\"}[100y]))",
          "hide": false,
          "legendFormat": "POST /irs/jobs",
          "range": true,
          "refId": "B"
        },
        {
          "datasource": {
            "type": "prometheus",
            "uid": "PBFA97CFB590B2093"
          },
          "editorMode": "builder",
          "expr": "sum(increase(http_server_requests_seconds_count{uri=\"/irs/jobs/{jobId}\", method=\"GET\"}[100y]))",
          "hide": false,
          "legendFormat": "GET /irs/jobs/{jobId}",
          "range": true,
          "refId": "C"
        }
      ],
      "title": "Total API requests",
      "type": "timeseries"
    },
    {
      "datasource": {
        "type": "prometheus",
        "uid": "PBFA97CFB590B2093"
      },
      "description": "",
      "fieldConfig": {
        "defaults": {
          "color": {
            "mode": "palette-classic"
          },
          "custom": {
            "axisLabel": "",
            "axisPlacement": "auto",
            "barAlignment": 0,
            "drawStyle": "line",
            "fillOpacity": 0,
            "gradientMode": "none",
            "hideFrom": {
              "legend": false,
              "tooltip": false,
              "viz": false
            },
            "lineInterpolation": "linear",
            "lineWidth": 1,
            "pointSize": 5,
            "scaleDistribution": {
              "type": "linear"
            },
            "showPoints": "auto",
            "spanNulls": false,
            "stacking": {
              "group": "A",
              "mode": "none"
            },
            "thresholdsStyle": {
              "mode": "off"
            }
          },
          "mappings": [],
          "thresholds": {
            "mode": "absolute",
            "steps": [
              {
                "color": "green",
                "value": null
              },
              {
                "color": "red",
                "value": 80
              }
            ]
          }
        },
        "overrides": [
          {
            "matcher": {
              "id": "byName",
              "options": "{application=\"item-relationship-service\", client_name=\"irs-aas-registry.dev.demo.catena-x.net\", instance=\"app-irs-dev:4004\", job=\"spring-actuator\", method=\"GET\", outcome=\"CLIENT_ERROR\", status=\"404\", uri=\"/registry/shell-descriptors/{uuid}\"}"
            },
            "properties": [
              {
                "id": "displayName",
                "value": "status=200"
              }
            ]
          },
          {
            "matcher": {
              "id": "byName",
              "options": "http_server_requests_seconds_max{application=\"item-relationship-service\", exception=\"None\", instance=\"app-irs-dev:4004\", job=\"spring-actuator\", method=\"GET\", outcome=\"SUCCESS\", status=\"200\", uri=\"/irs/jobs\"}"
            },
            "properties": [
              {
                "id": "displayName",
                "value": "irs/jobs get 2xx"
              }
            ]
          },
          {
            "matcher": {
              "id": "byName",
              "options": "{__name__=\"http_server_requests_seconds_max\", application=\"item-relationship-service\", exception=\"None\", instance=\"app-irs-dev:4004\", job=\"spring-actuator\", method=\"POST\", outcome=\"SUCCESS\", status=\"201\", uri=\"/irs/jobs\"}"
            },
            "properties": [
              {
                "id": "displayName",
                "value": "irs/jobs post 2xx"
              },
              {
                "id": "decimals",
                "value": 0
              }
            ]
          }
        ]
      },
      "gridPos": {
        "h": 8,
        "w": 8,
        "x": 8,
        "y": 0
      },
      "id": 11,
      "options": {
        "legend": {
          "calcs": [],
          "displayMode": "list",
          "placement": "bottom"
        },
        "tooltip": {
          "mode": "single",
          "sort": "none"
        }
      },
      "pluginVersion": "9.0.2",
      "targets": [
        {
          "datasource": {
            "type": "prometheus",
            "uid": "PBFA97CFB590B2093"
          },
          "editorMode": "builder",
          "expr": "sum(increase(http_server_requests_seconds_count{uri=\"/irs/jobs\", method=\"GET\", outcome=\"SUCCESS\"}[100y]))",
          "hide": false,
          "legendFormat": "GET /irs/jobs",
          "range": true,
          "refId": "A"
        },
        {
          "datasource": {
            "type": "prometheus",
            "uid": "PBFA97CFB590B2093"
          },
          "editorMode": "builder",
          "expr": "sum(increase(http_server_requests_seconds_count{uri=\"/irs/jobs\", method=\"POST\", outcome=\"SUCCESS\"}[100y]))",
          "hide": false,
          "legendFormat": "POST /irs/jobs",
          "range": true,
          "refId": "B"
        },
        {
          "datasource": {
            "type": "prometheus",
            "uid": "PBFA97CFB590B2093"
          },
          "editorMode": "builder",
          "expr": "sum(increase(http_server_requests_seconds_count{uri=\"/irs/jobs/{jobId}\", method=\"GET\", outcome=\"SUCCESS\"}[100y]))",
          "hide": false,
          "legendFormat": "GET /irs/jobs/{jobId}",
          "range": true,
          "refId": "C"
        }
      ],
      "title": "Total successful requests",
      "type": "timeseries"
    },
    {
      "datasource": {
        "type": "prometheus",
        "uid": "PBFA97CFB590B2093"
      },
      "description": "",
      "fieldConfig": {
        "defaults": {
          "color": {
            "mode": "palette-classic"
          },
          "custom": {
            "axisLabel": "",
            "axisPlacement": "auto",
            "barAlignment": 0,
            "drawStyle": "line",
            "fillOpacity": 0,
            "gradientMode": "none",
            "hideFrom": {
              "legend": false,
              "tooltip": false,
              "viz": false
            },
            "lineInterpolation": "linear",
            "lineWidth": 1,
            "pointSize": 5,
            "scaleDistribution": {
              "type": "linear"
            },
            "showPoints": "auto",
            "spanNulls": false,
            "stacking": {
              "group": "A",
              "mode": "none"
            },
            "thresholdsStyle": {
              "mode": "off"
            }
          },
          "mappings": [],
          "thresholds": {
            "mode": "absolute",
            "steps": [
              {
                "color": "green",
                "value": null
              },
              {
                "color": "red",
                "value": 80
              }
            ]
          }
        },
        "overrides": [
          {
            "matcher": {
              "id": "byName",
              "options": "{application=\"item-relationship-service\", client_name=\"irs-aas-registry.dev.demo.catena-x.net\", instance=\"app-irs-dev:4004\", job=\"spring-actuator\", method=\"GET\", outcome=\"CLIENT_ERROR\", status=\"404\", uri=\"/registry/shell-descriptors/{uuid}\"}"
            },
            "properties": [
              {
                "id": "displayName",
                "value": "status=200"
              }
            ]
          },
          {
            "matcher": {
              "id": "byName",
              "options": "http_server_requests_seconds_max{application=\"item-relationship-service\", exception=\"None\", instance=\"app-irs-dev:4004\", job=\"spring-actuator\", method=\"GET\", outcome=\"SUCCESS\", status=\"200\", uri=\"/irs/jobs\"}"
            },
            "properties": [
              {
                "id": "displayName",
                "value": "irs/jobs get 2xx"
              }
            ]
          },
          {
            "matcher": {
              "id": "byName",
              "options": "{__name__=\"http_server_requests_seconds_max\", application=\"item-relationship-service\", exception=\"None\", instance=\"app-irs-dev:4004\", job=\"spring-actuator\", method=\"POST\", outcome=\"SUCCESS\", status=\"201\", uri=\"/irs/jobs\"}"
            },
            "properties": [
              {
                "id": "displayName",
                "value": "irs/jobs post 2xx"
              },
              {
                "id": "decimals",
                "value": 0
              }
            ]
          }
        ]
      },
      "gridPos": {
        "h": 8,
        "w": 8,
        "x": 16,
        "y": 0
      },
      "id": 12,
      "options": {
        "legend": {
          "calcs": [],
          "displayMode": "list",
          "placement": "bottom"
        },
        "tooltip": {
          "mode": "single",
          "sort": "none"
        }
      },
      "pluginVersion": "9.0.2",
      "targets": [
        {
          "datasource": {
            "type": "prometheus",
            "uid": "PBFA97CFB590B2093"
          },
          "editorMode": "builder",
          "expr": "sum(increase(http_server_requests_seconds_count{uri=\"/irs/jobs\", method=\"GET\", outcome!=\"SUCCESS\"}[100y]))",
          "hide": false,
          "legendFormat": "GET /irs/jobs",
          "range": true,
          "refId": "A"
        },
        {
          "datasource": {
            "type": "prometheus",
            "uid": "PBFA97CFB590B2093"
          },
          "editorMode": "builder",
          "expr": "sum(increase(http_server_requests_seconds_count{uri=\"/irs/jobs\", method=\"POST\", outcome!=\"SUCCESS\"}[100y]))",
          "hide": false,
          "legendFormat": "POST /irs/jobs",
          "range": true,
          "refId": "B"
        },
        {
          "datasource": {
            "type": "prometheus",
            "uid": "PBFA97CFB590B2093"
          },
          "editorMode": "builder",
          "expr": "sum(increase(http_server_requests_seconds_count{uri=\"/irs/jobs/{jobId}\", method=\"GET\", outcome!=\"SUCCESS\"}[100y]))",
          "hide": false,
          "legendFormat": "GET /irs/jobs/{jobId}",
          "range": true,
          "refId": "C"
        }
      ],
      "title": "Total unsuccessful requests",
      "type": "timeseries"
    },
    {
      "cards": {},
      "color": {
        "cardColor": "#b4ff00",
        "colorScale": "sqrt",
        "colorScheme": "interpolateRdYlGn",
        "exponent": 0.5,
        "mode": "spectrum"
      },
      "dataFormat": "tsbuckets",
      "datasource": {
        "type": "prometheus",
        "uid": "PBFA97CFB590B2093"
      },
      "description": "",
      "gridPos": {
        "h": 8,
        "w": 12,
        "x": 0,
        "y": 8
      },
      "heatmap": {},
      "hideZeroBuckets": false,
      "highlightCards": true,
      "id": 14,
      "legend": {
        "show": false
      },
      "maxDataPoints": 25,
      "pluginVersion": "9.0.2",
      "reverseYBuckets": false,
      "targets": [
        {
          "datasource": {
            "type": "prometheus",
            "uid": "PBFA97CFB590B2093"
          },
          "editorMode": "builder",
          "expr": "sum by(le) (increase(http_server_requests_seconds_bucket{uri=\"/irs/jobs\", method=\"POST\"}[$__interval]))",
          "legendFormat": "{{le}}",
          "range": true,
          "refId": "A"
        }
      ],
      "title": "Roundtrip time (POST /irs/jobs)",
      "tooltip": {
        "show": true,
        "showHistogram": false
      },
      "type": "heatmap",
      "xAxis": {
        "show": true
      },
      "yAxis": {
        "format": "short",
        "logBase": 1,
        "show": true
      },
      "yBucketBound": "auto"
    },
    {
      "cards": {},
      "color": {
        "cardColor": "#b4ff00",
        "colorScale": "sqrt",
        "colorScheme": "interpolateRdYlGn",
        "exponent": 0.5,
        "mode": "spectrum"
      },
      "dataFormat": "tsbuckets",
      "datasource": {
        "type": "prometheus",
        "uid": "PBFA97CFB590B2093"
      },
      "description": "",
      "gridPos": {
        "h": 8,
        "w": 12,
        "x": 12,
        "y": 8
      },
      "heatmap": {},
      "hideZeroBuckets": false,
      "highlightCards": true,
      "id": 15,
      "legend": {
        "show": false
      },
      "maxDataPoints": 25,
      "pluginVersion": "9.0.2",
      "reverseYBuckets": false,
      "targets": [
        {
          "datasource": {
            "type": "prometheus",
            "uid": "PBFA97CFB590B2093"
          },
          "editorMode": "builder",
          "exemplar": false,
          "expr": "sum by(le) (increase(http_server_requests_seconds_bucket{uri=\"/irs/jobs/{jobId}\", method=\"GET\"}[$__interval]))",
          "hide": false,
          "legendFormat": "__auto",
          "range": true,
          "refId": "B"
        }
      ],
      "title": "Roundtrip time (GET /irs/jobs/{jobId})",
      "tooltip": {
        "show": true,
        "showHistogram": false
      },
      "type": "heatmap",
      "xAxis": {
        "show": true
      },
      "yAxis": {
        "format": "short",
        "logBase": 1,
        "show": true
      },
      "yBucketBound": "auto"
    },
    {
      "cards": {},
      "color": {
        "cardColor": "#b4ff00",
        "colorScale": "sqrt",
        "colorScheme": "interpolateRdYlGn",
        "exponent": 0.5,
        "mode": "spectrum"
      },
      "dataFormat": "tsbuckets",
      "datasource": {
        "type": "prometheus",
        "uid": "PBFA97CFB590B2093"
      },
      "description": "",
      "gridPos": {
        "h": 8,
        "w": 12,
        "x": 0,
        "y": 16
      },
      "heatmap": {},
      "hideZeroBuckets": false,
      "highlightCards": true,
      "id": 16,
      "legend": {
        "show": false
      },
      "maxDataPoints": 25,
      "pluginVersion": "9.0.2",
      "reverseYBuckets": false,
      "targets": [
        {
          "datasource": {
            "type": "prometheus",
            "uid": "PBFA97CFB590B2093"
          },
          "editorMode": "builder",
          "exemplar": false,
          "expr": "sum by(le) (increase(http_server_requests_seconds_bucket{uri=\"/irs/jobs/{jobId}\", method=\"PUT\"}[$__interval]))",
          "hide": false,
          "instant": false,
          "legendFormat": "__auto",
          "range": true,
          "refId": "C"
        }
      ],
      "title": "Roundtrip time (PUT /irs/jobs/{jobId})",
      "tooltip": {
        "show": true,
        "showHistogram": false
      },
      "type": "heatmap",
      "xAxis": {
        "show": true
      },
      "yAxis": {
        "format": "short",
        "logBase": 1,
        "show": true
      },
      "yBucketBound": "auto"
    },
    {
      "cards": {},
      "color": {
        "cardColor": "#b4ff00",
        "colorScale": "sqrt",
        "colorScheme": "interpolateRdYlGn",
        "exponent": 0.5,
        "mode": "spectrum"
      },
      "dataFormat": "tsbuckets",
      "datasource": {
        "type": "prometheus",
        "uid": "PBFA97CFB590B2093"
      },
      "gridPos": {
        "h": 8,
        "w": 12,
        "x": 12,
        "y": 16
      },
      "heatmap": {},
      "hideZeroBuckets": false,
      "highlightCards": true,
      "id": 17,
      "legend": {
        "show": false
      },
      "maxDataPoints": 25,
      "pluginVersion": "9.0.2",
      "reverseYBuckets": false,
      "targets": [
        {
          "datasource": {
            "type": "prometheus",
            "uid": "PBFA97CFB590B2093"
          },
          "editorMode": "builder",
          "expr": "sum by(le) (increase(http_server_requests_seconds_bucket{uri=\"/irs/jobs\", method=\"GET\"}[$__interval]))",
          "legendFormat": "{{le}}",
          "range": true,
          "refId": "A"
        }
      ],
      "title": "Roundtrip time (GET /irs/jobs)",
      "tooltip": {
        "show": true,
        "showHistogram": false
      },
      "type": "heatmap",
      "xAxis": {
        "show": true
      },
      "yAxis": {
        "format": "short",
        "logBase": 1,
        "show": true
      },
      "yBucketBound": "auto"
    }
  ],
  "refresh": "10s",
  "schemaVersion": 36,
  "style": "dark",
  "tags": [],
  "templating": {
    "list": []
  },
  "time": {
    "from": "now-15m",
    "to": "now"
  },
  "timepicker": {},
  "timezone": "",
  "title": "IRS-API",
  "uid": "GPQ0I4k4z",
  "version": 27,
  "weekStart": ""
}