{
  "annotations": {
    "list": [
      {
        "builtIn": 1,
        "datasource": {
          "type": "grafana",
          "uid": "-- Grafana --"
        },
        "enable": true,
        "hide": true,
        "iconColor": "rgba(0, 211, 255, 1)",
        "name": "Annotations & Alerts",
        "target": {
          "limit": 100,
          "matchAny": false,
          "tags": [],
          "type": "dashboard"
        },
        "type": "dashboard"
      }
    ]
  },
  "editable": true,
  "fiscalYearStartMonth": 0,
  "graphTooltip": 0,
  "links": [],
  "liveNow": false,
  "panels": [
    {
      "datasource": {
        "type": "prometheus",
        "uid": "PBFA97CFB590B2093"
      },
      "fieldConfig": {
        "defaults": {
          "color": {
            "mode": "thresholds"
          },
          "mappings": [],
          "thresholds": {
            "mode": "absolute",
            "steps": [
              {
                "color": "dark-purple",
                "value": null
              },
              {
                "color": "#F2495C",
                "value": 80
              }
            ]
          }
        },
        "overrides": [
          {
            "matcher": {
              "id": "byName",
              "options": "{application=\"item-relationship-service\", instance=\"app-irs-dev:4004\", job=\"spring-actuator\"}"
            },
            "properties": [
              {
                "id": "color",
                "value": {
                  "mode": "continuous-BlPu"
                }
              }
            ]
          }
        ]
      },
      "gridPos": {
        "h": 6,
        "w": 6,
        "x": 0,
        "y": 0
      },
      "id": 14,
      "options": {
        "colorMode": "background",
        "graphMode": "none",
        "justifyMode": "center",
        "orientation": "horizontal",
        "reduceOptions": {
          "calcs": [
            "lastNotNull"
          ],
          "fields": "",
          "values": false
        },
        "textMode": "auto"
      },
      "pluginVersion": "9.0.2",
      "targets": [
        {
          "datasource": {
            "type": "prometheus",
            "uid": "PBFA97CFB590B2093"
          },
          "editorMode": "code",
          "exemplar": false,
          "expr": "increase(jobs_created_total[100y])",
          "instant": false,
          "interval": "",
          "range": true,
          "refId": "A"
        }
      ],
      "title": "Total Job Created",
      "type": "stat"
    },
    {
      "datasource": {
        "type": "prometheus",
        "uid": "PBFA97CFB590B2093"
      },
      "fieldConfig": {
        "defaults": {
          "color": {
            "mode": "thresholds"
          },
          "mappings": [],
          "thresholds": {
            "mode": "absolute",
            "steps": [
              {
                "color": "green",
                "value": null
              },
              {
                "color": "red",
                "value": 80
              }
            ]
          }
        },
        "overrides": [
          {
            "matcher": {
              "id": "byName",
              "options": "{application=\"item-relationship-service\", instance=\"app-irs-dev:4004\", job=\"spring-actuator\", jobstate=\"successful\"}"
            },
            "properties": [
              {
                "id": "color",
                "value": {
                  "mode": "continuous-YlBl"
                }
              }
            ]
          }
        ]
      },
      "gridPos": {
        "h": 6,
        "w": 6,
        "x": 6,
        "y": 0
      },
      "id": 10,
      "options": {
        "colorMode": "background",
        "graphMode": "none",
        "justifyMode": "center",
        "orientation": "auto",
        "reduceOptions": {
          "calcs": [
            "lastNotNull"
          ],
          "fields": "",
          "values": false
        },
        "text": {},
        "textMode": "auto"
      },
      "pluginVersion": "9.0.2",
      "targets": [
        {
          "datasource": {
            "type": "prometheus",
            "uid": "PBFA97CFB590B2093"
          },
          "editorMode": "code",
          "expr": "increase(jobs_jobstate_sucessful_total[100y])",
          "range": true,
          "refId": "A"
        }
      ],
      "title": "Total Completed Job",
      "type": "stat"
    },
    {
      "datasource": {
        "type": "prometheus",
        "uid": "PBFA97CFB590B2093"
      },
      "description": "",
      "fieldConfig": {
        "defaults": {
          "color": {
            "fixedColor": "light-yellow",
            "mode": "fixed"
          },
          "mappings": [],
          "thresholds": {
            "mode": "absolute",
            "steps": [
              {
                "color": "green",
                "value": null
              },
              {
                "color": "red",
                "value": 80
              }
            ]
          }
        },
        "overrides": []
      },
      "gridPos": {
        "h": 6,
        "w": 6,
        "x": 12,
        "y": 0
      },
      "id": 8,
      "options": {
        "colorMode": "value",
        "graphMode": "area",
        "justifyMode": "center",
        "orientation": "auto",
        "reduceOptions": {
          "calcs": [
            "lastNotNull"
          ],
          "fields": "",
          "values": false
        },
        "text": {
          "valueSize": 130
        },
        "textMode": "auto"
      },
      "pluginVersion": "9.0.2",
      "targets": [
        {
          "datasource": {
            "type": "prometheus",
            "uid": "PBFA97CFB590B2093"
          },
          "expr": "{jobstate=\"running\"}",
          "refId": "A"
        }
      ],
      "title": "Total Running Job",
      "type": "stat"
    },
    {
      "datasource": {
        "type": "prometheus",
        "uid": "PBFA97CFB590B2093"
      },
      "fieldConfig": {
        "defaults": {
          "color": {
            "mode": "palette-classic"
          },
          "custom": {
            "axisLabel": "",
            "axisPlacement": "auto",
            "barAlignment": 0,
            "drawStyle": "line",
            "fillOpacity": 0,
            "gradientMode": "none",
            "hideFrom": {
              "legend": false,
              "tooltip": false,
              "viz": false
            },
            "lineInterpolation": "linear",
            "lineWidth": 1,
            "pointSize": 5,
            "scaleDistribution": {
              "type": "linear"
            },
            "showPoints": "auto",
            "spanNulls": false,
            "stacking": {
              "group": "A",
              "mode": "none"
            },
            "thresholdsStyle": {
              "mode": "off"
            }
          },
          "mappings": [],
          "thresholds": {
            "mode": "absolute",
            "steps": [
              {
                "color": "green",
                "value": null
              },
              {
                "color": "red",
                "value": 80
              }
            ]
          }
        },
        "overrides": [
          {
            "matcher": {
              "id": "byName",
              "options": "avg(increase(job_execution_time[100y]))"
            },
            "properties": [
              {
                "id": "displayName",
                "value": "Average Processing Time"
              }
            ]
          },
          {
            "matcher": {
              "id": "byName",
              "options": "min(increase(job_execution_time[100y]))"
            },
            "properties": [
              {
                "id": "displayName",
                "value": "Minimum Processing Time"
              }
            ]
          },
          {
            "matcher": {
              "id": "byName",
              "options": "max(increase(job_execution_time[100y]))"
            },
            "properties": [
              {
                "id": "displayName",
                "value": "Max Processing Time"
              }
            ]
          },
          {
            "matcher": {
              "id": "byName",
              "options": "avg(quantile(0.5, job_execution_time))"
            },
            "properties": [
              {
                "id": "displayName",
                "value": "Median Processing Time"
              }
            ]
          }
        ]
      },
      "gridPos": {
        "h": 8,
        "w": 6,
        "x": 18,
        "y": 0
      },
      "id": 22,
      "options": {
        "legend": {
          "calcs": [],
          "displayMode": "list",
          "placement": "bottom"
        },
        "tooltip": {
          "mode": "single",
          "sort": "none"
        }
      },
      "pluginVersion": "9.0.2",
      "targets": [
        {
          "datasource": {
            "type": "prometheus",
            "uid": "PBFA97CFB590B2093"
          },
          "editorMode": "code",
          "expr": "avg(increase(job_execution_time[100y]))",
          "range": true,
          "refId": "A"
        },
        {
          "datasource": {
            "type": "prometheus",
            "uid": "PBFA97CFB590B2093"
          },
          "editorMode": "code",
          "expr": "min(increase(job_execution_time[100y]))",
          "hide": false,
          "range": true,
          "refId": "B"
        },
        {
          "datasource": {
            "type": "prometheus",
            "uid": "PBFA97CFB590B2093"
          },
          "editorMode": "code",
          "expr": "max(increase(job_execution_time[100y]))",
          "hide": false,
          "range": true,
          "refId": "C"
        },
        {
          "datasource": {
            "type": "prometheus",
            "uid": "PBFA97CFB590B2093"
          },
          "editorMode": "code",
          "expr": "avg(quantile(0.5, job_execution_time))",
          "hide": false,
          "range": true,
          "refId": "D"
        }
      ],
      "title": "Process Time",
      "type": "timeseries"
    },
    {
      "datasource": {
        "type": "prometheus",
        "uid": "PBFA97CFB590B2093"
      },
      "fieldConfig": {
        "defaults": {
          "color": {
            "mode": "thresholds"
          },
          "mappings": [],
          "thresholds": {
            "mode": "absolute",
            "steps": [
              {
                "color": "green",
                "value": null
              },
              {
                "color": "red",
                "value": 80
              }
            ]
          }
        },
        "overrides": []
      },
      "gridPos": {
        "h": 8,
        "w": 6,
        "x": 0,
        "y": 6
      },
      "id": 4,
      "options": {
        "colorMode": "value",
        "graphMode": "area",
        "justifyMode": "center",
        "orientation": "auto",
        "reduceOptions": {
          "calcs": [
            "lastNotNull"
          ],
          "fields": "",
          "values": false
        },
        "text": {
          "valueSize": 130
        },
        "textMode": "auto"
      },
      "pluginVersion": "9.0.2",
      "targets": [
        {
          "datasource": {
            "type": "prometheus",
            "uid": "PBFA97CFB590B2093"
          },
          "editorMode": "builder",
          "expr": "round(increase(jobs_jobstate_cancelled_total{jobstate=\"cancelled\"}[100y]), 1)",
          "legendFormat": "__auto",
          "range": true,
          "refId": "A"
        }
      ],
      "title": "Total Cancelled Jobs",
      "type": "stat"
    },
    {
      "datasource": {
        "type": "prometheus",
        "uid": "PBFA97CFB590B2093"
      },
      "description": "",
      "fieldConfig": {
        "defaults": {
          "color": {
            "mode": "thresholds"
          },
          "displayName": "Jobs In JobStore",
          "mappings": [],
          "thresholds": {
            "mode": "absolute",
            "steps": [
              {
                "color": "green",
                "value": null
              },
              {
                "color": "red",
                "value": 80
              }
            ]
          }
        },
        "overrides": []
      },
      "gridPos": {
        "h": 8,
        "w": 6,
        "x": 6,
        "y": 6
      },
      "id": 18,
      "options": {
        "orientation": "auto",
        "reduceOptions": {
          "calcs": [
            "lastNotNull"
          ],
          "fields": "",
          "values": false
        },
        "showThresholdLabels": false,
        "showThresholdMarkers": true
      },
      "pluginVersion": "9.0.2",
      "targets": [
        {
          "datasource": {
            "type": "prometheus",
            "uid": "PBFA97CFB590B2093"
          },
          "editorMode": "code",
          "expr": "jobs_jobstore{jobstate=\"jobs_in_store\"}",
          "range": true,
          "refId": "A"
        }
      ],
      "title": "Jobs currently in JobStore",
      "type": "gauge"
    },
    {
      "datasource": {
        "type": "prometheus",
        "uid": "PBFA97CFB590B2093"
      },
      "fieldConfig": {
        "defaults": {
          "color": {
            "mode": "thresholds"
          },
          "mappings": [],
          "thresholds": {
            "mode": "absolute",
            "steps": [
              {
                "color": "green",
                "value": null
              },
              {
                "color": "red",
                "value": 80
              }
            ]
          }
        },
        "overrides": []
      },
      "gridPos": {
        "h": 8,
        "w": 6,
        "x": 12,
        "y": 6
      },
      "id": 12,
      "options": {
        "colorMode": "value",
        "graphMode": "area",
        "justifyMode": "auto",
        "orientation": "auto",
        "reduceOptions": {
          "calcs": [
            "lastNotNull"
          ],
          "fields": "",
          "values": false
        },
        "text": {
          "valueSize": 130
        },
        "textMode": "auto"
      },
      "pluginVersion": "9.0.2",
      "targets": [
        {
          "datasource": {
            "type": "prometheus",
            "uid": "PBFA97CFB590B2093"
          },
          "editorMode": "builder",
          "expr": "round(increase({jobstate=\"failed\"}[100y]), 1)",
          "range": true,
          "refId": "A"
        }
      ],
      "title": "Total Failed Jobs",
      "type": "stat"
    },
    {
      "datasource": {
        "type": "prometheus",
        "uid": "PBFA97CFB590B2093"
      },
      "description": "",
      "fieldConfig": {
        "defaults": {
          "color": {
            "mode": "palette-classic"
          },
          "custom": {
            "axisLabel": "",
            "axisPlacement": "auto",
            "barAlignment": 0,
            "drawStyle": "line",
            "fillOpacity": 0,
            "gradientMode": "none",
            "hideFrom": {
              "legend": false,
              "tooltip": false,
              "viz": false
            },
            "lineInterpolation": "linear",
            "lineWidth": 1,
            "pointSize": 5,
            "scaleDistribution": {
              "type": "linear"
            },
            "showPoints": "auto",
            "spanNulls": false,
            "stacking": {
              "group": "A",
              "mode": "none"
            },
            "thresholdsStyle": {
              "mode": "off"
            }
          },
          "mappings": [],
          "thresholds": {
            "mode": "absolute",
            "steps": [
              {
                "color": "green",
                "value": null
              },
              {
                "color": "red",
                "value": 80
              }
            ]
          }
        },
        "overrides": [
          {
            "matcher": {
              "id": "byName",
              "options": "{__name__=\"jobs_created_total\", application=\"item-relationship-service\", instance=\"app-irs-dev:4004\", job=\"spring-actuator\"}"
            },
            "properties": [
              {
                "id": "displayName",
                "value": "Total create jobs"
              }
            ]
          },
          {
            "matcher": {
              "id": "byName",
              "options": "{application=\"item-relationship-service\", instance=\"app-irs-dev:4004\", job=\"spring-actuator\", jobstate=\"successful\"}"
            },
            "properties": [
              {
                "id": "displayName",
                "value": "Successful"
              }
            ]
          },
          {
            "matcher": {
              "id": "byName",
              "options": "{application=\"item-relationship-service\", instance=\"app-irs-dev:4004\", job=\"spring-actuator\", jobstate=\"running\"}"
            },
            "properties": [
              {
                "id": "color",
                "value": {
                  "mode": "palette-classic"
                }
              },
              {
                "id": "displayName",
                "value": "Running"
              }
            ]
          },
          {
            "matcher": {
              "id": "byName",
              "options": "{application=\"item-relationship-service\", instance=\"app-irs-dev:4004\", job=\"spring-actuator\", jobstate=\"cancelled\"}"
            },
            "properties": [
              {
                "id": "color",
                "value": {
                  "mode": "continuous-BlPu"
                }
              },
              {
                "id": "displayName",
                "value": "Cancelled"
              }
            ]
          },
          {
            "matcher": {
              "id": "byName",
              "options": "{application=\"item-relationship-service\", instance=\"app-irs-dev:4004\", job=\"spring-actuator\", jobstate=\"failed\"}"
            },
            "properties": [
              {
                "id": "color",
                "value": {
                  "mode": "palette-classic"
                }
              },
              {
                "id": "displayName",
                "value": "Failed"
              }
            ]
          },
          {
            "matcher": {
              "id": "byName",
              "options": "{__name__=\"jobs_snapshot_success\", application=\"item-relationship-service\", instance=\"app-irs-dev:4004\", job=\"spring-actuator\", jobsnapshot=\"job_completed_snapshot\"}"
            },
            "properties": [
              {
                "id": "displayName",
                "value": "completed"
              },
              {
                "id": "custom.showPoints",
                "value": "auto"
              },
              {
                "id": "custom.fillOpacity",
                "value": 16
              }
            ]
          },
          {
            "matcher": {
              "id": "byName",
              "options": "{__name__=\"jobs_snapshot_running\", application=\"item-relationship-service\", instance=\"app-irs-dev:4004\", job=\"spring-actuator\", jobsnapshot=\"job_running_snapshot\"}"
            },
            "properties": [
              {
                "id": "displayName",
                "value": "running"
              },
              {
                "id": "custom.fillOpacity",
                "value": 17
              }
            ]
          },
          {
            "matcher": {
              "id": "byName",
              "options": "{__name__=\"jobs_snapshot_cancelled\", application=\"item-relationship-service\", instance=\"app-irs-dev:4004\", job=\"spring-actuator\", jobsnapshot=\"job_cancelled_snapshot\"}"
            },
            "properties": [
              {
                "id": "displayName",
                "value": "cancelled"
              },
              {
                "id": "custom.fillOpacity",
                "value": 16
              }
            ]
          },
          {
            "matcher": {
              "id": "byName",
              "options": "{__name__=\"jobs_snapshot_failed\", application=\"item-relationship-service\", instance=\"app-irs-dev:4004\", job=\"spring-actuator\", jobsnapshot=\"job_failed_snapshot\"}"
            },
            "properties": [
              {
                "id": "displayName",
                "value": "failed"
              },
              {
                "id": "custom.fillOpacity",
                "value": 15
              }
            ]
          }
        ]
      },
      "gridPos": {
        "h": 8,
        "w": 6,
        "x": 0,
        "y": 14
      },
      "id": 2,
      "options": {
        "legend": {
          "calcs": [],
          "displayMode": "list",
          "placement": "bottom"
        },
        "tooltip": {
          "mode": "single",
          "sort": "none"
        }
      },
      "pluginVersion": "9.0.2",
      "targets": [
        {
          "datasource": {
            "type": "prometheus",
            "uid": "PBFA97CFB590B2093"
          },
          "editorMode": "code",
          "expr": "jobs_snapshot_success",
          "legendFormat": "__auto",
          "range": true,
          "refId": "A"
        },
        {
          "datasource": {
            "type": "prometheus",
            "uid": "PBFA97CFB590B2093"
          },
          "editorMode": "code",
          "expr": "jobs_snapshot_running",
          "hide": false,
          "interval": "",
          "legendFormat": "{{label_name}}",
          "range": true,
          "refId": "B"
        },
        {
          "datasource": {
            "type": "prometheus",
            "uid": "PBFA97CFB590B2093"
          },
          "editorMode": "code",
          "expr": "jobs_snapshot_cancelled",
          "hide": false,
          "legendFormat": "__auto",
          "range": true,
          "refId": "C"
        },
        {
          "datasource": {
            "type": "prometheus",
            "uid": "PBFA97CFB590B2093"
          },
          "editorMode": "code",
          "expr": "jobs_snapshot_failed",
          "hide": false,
          "legendFormat": "__auto",
          "range": true,
          "refId": "D"
        }
      ],
      "title": "Snapshot",
      "type": "timeseries"
    },
    {
      "datasource": {
        "type": "prometheus",
        "uid": "PBFA97CFB590B2093"
      },
      "fieldConfig": {
        "defaults": {
          "color": {
            "mode": "palette-classic"
          },
          "custom": {
            "axisLabel": "",
            "axisPlacement": "auto",
            "barAlignment": 0,
            "drawStyle": "line",
            "fillOpacity": 0,
            "gradientMode": "none",
            "hideFrom": {
              "legend": false,
              "tooltip": false,
              "viz": false
            },
            "lineInterpolation": "linear",
            "lineWidth": 1,
            "pointSize": 5,
            "scaleDistribution": {
              "type": "linear"
            },
            "showPoints": "auto",
            "spanNulls": false,
            "stacking": {
              "group": "A",
              "mode": "none"
            },
            "thresholdsStyle": {
              "mode": "off"
            }
          },
          "mappings": [],
          "thresholds": {
            "mode": "absolute",
            "steps": [
              {
                "color": "green",
                "value": null
              },
              {
                "color": "red",
                "value": 80
              }
            ]
          }
        },
        "overrides": [
          {
            "matcher": {
              "id": "byName",
              "options": "{application=\"item-relationship-service\", instance=\"app-irs-dev:4004\", job=\"spring-actuator\", jobtimer=\"canceljob\"}"
            },
            "properties": [
              {
                "id": "custom.fillOpacity",
                "value": 29
              },
              {
                "id": "displayName",
                "value": "Get Cancel per Minute"
              }
            ]
          },
          {
            "matcher": {
              "id": "byName",
              "options": "{application=\"item-relationship-service\", instance=\"app-irs-dev:4004\", job=\"spring-actuator\", jobtimer=\"cleancompletedjobs\"}"
            },
            "properties": [
              {
                "id": "displayName",
                "value": "Clean Completed Job per Minute"
              }
            ]
          },
          {
            "matcher": {
              "id": "byName",
              "options": "{application=\"item-relationship-service\", instance=\"app-irs-dev:4004\", job=\"spring-actuator\", jobtimer=\"cleanfailedjobs\"}"
            },
            "properties": [
              {
                "id": "displayName",
                "value": "Clean Failed Job per Minute"
              }
            ]
          },
          {
            "matcher": {
              "id": "byName",
              "options": "{application=\"item-relationship-service\", instance=\"app-irs-dev:4004\", job=\"spring-actuator\", jobtimer=\"getjob\"}"
            },
            "properties": [
              {
                "id": "displayName",
                "value": "Get Job per Minute"
              }
            ]
          },
          {
            "matcher": {
              "id": "byName",
              "options": "{application=\"item-relationship-service\", instance=\"app-irs-dev:4004\", job=\"spring-actuator\", jobtimer=\"getjobbystate\"}"
            },
            "properties": [
              {
                "id": "displayName",
                "value": "Get Job by State per Minute"
              }
            ]
          },
          {
            "matcher": {
              "id": "byName",
              "options": "{application=\"item-relationship-service\", instance=\"app-irs-dev:4004\", job=\"spring-actuator\", jobtimer=\"registerjob\"}"
            },
            "properties": [
              {
                "id": "displayName",
                "value": "Register Job per Minute"
              }
            ]
          }
        ]
      },
      "gridPos": {
        "h": 8,
        "w": 6,
        "x": 6,
        "y": 14
      },
      "id": 19,
      "options": {
        "legend": {
          "calcs": [],
          "displayMode": "list",
          "placement": "bottom"
        },
        "tooltip": {
          "mode": "single",
          "sort": "none"
        }
      },
      "pluginVersion": "9.0.2",
      "targets": [
        {
          "datasource": {
            "type": "prometheus",
            "uid": "PBFA97CFB590B2093"
          },
          "editorMode": "code",
          "expr": "increase(job_execution_time[1m])",
          "range": true,
          "refId": "A"
        }
      ],
      "title": "Process Time per Minute",
      "type": "timeseries"
    },
    {
      "datasource": {
        "type": "prometheus",
        "uid": "PBFA97CFB590B2093"
      },
      "fieldConfig": {
        "defaults": {
          "color": {
            "mode": "palette-classic"
          },
          "custom": {
            "axisLabel": "",
            "axisPlacement": "auto",
            "barAlignment": 0,
            "drawStyle": "line",
            "fillOpacity": 0,
            "gradientMode": "none",
            "hideFrom": {
              "legend": false,
              "tooltip": false,
              "viz": false
            },
            "lineInterpolation": "linear",
            "lineWidth": 1,
            "pointSize": 5,
            "scaleDistribution": {
              "type": "linear"
            },
            "showPoints": "auto",
            "spanNulls": false,
            "stacking": {
              "group": "A",
              "mode": "none"
            },
            "thresholdsStyle": {
              "mode": "off"
            }
          },
          "mappings": [],
          "thresholds": {
            "mode": "absolute",
            "steps": [
              {
                "color": "green",
                "value": null
              },
              {
                "color": "red",
                "value": 80
              }
            ]
          }
        },
        "overrides": [
          {
            "matcher": {
              "id": "byName",
              "options": "{application=\"item-relationship-service\", instance=\"app-irs-dev:4004\", job=\"spring-actuator\", jobtimer=\"canceljob\"}"
            },
            "properties": [
              {
                "id": "custom.fillOpacity",
                "value": 29
              },
              {
                "id": "displayName",
                "value": "Get Cancel per Hour"
              }
            ]
          },
          {
            "matcher": {
              "id": "byName",
              "options": "{application=\"item-relationship-service\", instance=\"app-irs-dev:4004\", job=\"spring-actuator\", jobtimer=\"cleancompletedjobs\"}"
            },
            "properties": [
              {
                "id": "displayName",
                "value": "Clean Completed Job per Hour"
              }
            ]
          },
          {
            "matcher": {
              "id": "byName",
              "options": "{application=\"item-relationship-service\", instance=\"app-irs-dev:4004\", job=\"spring-actuator\", jobtimer=\"cleanfailedjobs\"}"
            },
            "properties": [
              {
                "id": "displayName",
                "value": "Clean Failed Job per Hour"
              }
            ]
          },
          {
            "matcher": {
              "id": "byName",
              "options": "{application=\"item-relationship-service\", instance=\"app-irs-dev:4004\", job=\"spring-actuator\", jobtimer=\"getjob\"}"
            },
            "properties": [
              {
                "id": "displayName",
                "value": "Get Job per Hour"
              }
            ]
          },
          {
            "matcher": {
              "id": "byName",
              "options": "{application=\"item-relationship-service\", instance=\"app-irs-dev:4004\", job=\"spring-actuator\", jobtimer=\"getjobbystate\"}"
            },
            "properties": [
              {
                "id": "displayName",
                "value": "Get Job by State per Hour"
              }
            ]
          },
          {
            "matcher": {
              "id": "byName",
              "options": "{application=\"item-relationship-service\", instance=\"app-irs-dev:4004\", job=\"spring-actuator\", jobtimer=\"registerjob\"}"
            },
            "properties": [
              {
                "id": "displayName",
                "value": "Register Job per Hour"
              }
            ]
          }
        ]
      },
      "gridPos": {
        "h": 8,
        "w": 6,
        "x": 12,
        "y": 14
      },
      "id": 21,
      "options": {
        "legend": {
          "calcs": [],
          "displayMode": "list",
          "placement": "bottom"
        },
        "tooltip": {
          "mode": "single",
          "sort": "none"
        }
      },
      "pluginVersion": "9.0.2",
      "targets": [
        {
          "datasource": {
            "type": "prometheus",
            "uid": "PBFA97CFB590B2093"
          },
          "editorMode": "code",
          "expr": "increase(job_execution_time[1h])",
          "range": true,
          "refId": "A"
        }
      ],
      "title": "Process Time per Hour",
      "type": "timeseries"
    },
    {
      "datasource": {
        "type": "prometheus",
        "uid": "PBFA97CFB590B2093"
      },
      "description": "",
      "fieldConfig": {
        "defaults": {
          "color": {
            "mode": "thresholds"
          },
          "mappings": [],
          "thresholds": {
            "mode": "absolute",
            "steps": [
              {
                "color": "green",
                "value": null
              },
              {
                "color": "red",
                "value": 80
              }
            ]
          }
        },
        "overrides": [
          {
            "matcher": {
              "id": "byName",
              "options": "{__name__=\"jobs_created_total\", application=\"item-relationship-service\", instance=\"app-irs-dev:4004\", job=\"spring-actuator\"}"
            },
            "properties": [
              {
                "id": "displayName",
                "value": "Total create jobs"
              }
            ]
          },
          {
            "matcher": {
              "id": "byName",
              "options": "{application=\"item-relationship-service\", instance=\"app-irs-dev:4004\", job=\"spring-actuator\", jobstate=\"successful\"}"
            },
            "properties": [
              {
                "id": "displayName",
                "value": "Successful"
              }
            ]
          },
          {
            "matcher": {
              "id": "byName",
              "options": "{application=\"item-relationship-service\", instance=\"app-irs-dev:4004\", job=\"spring-actuator\", jobstate=\"running\"}"
            },
            "properties": [
              {
                "id": "color",
                "value": {
                  "mode": "palette-classic"
                }
              },
              {
                "id": "displayName",
                "value": "Running"
              }
            ]
          },
          {
            "matcher": {
              "id": "byName",
              "options": "{application=\"item-relationship-service\", instance=\"app-irs-dev:4004\", job=\"spring-actuator\", jobstate=\"cancelled\"}"
            },
            "properties": [
              {
                "id": "color",
                "value": {
                  "mode": "continuous-BlPu"
                }
              },
              {
                "id": "displayName",
                "value": "Cancelled"
              }
            ]
          },
          {
            "matcher": {
              "id": "byName",
              "options": "{application=\"item-relationship-service\", instance=\"app-irs-dev:4004\", job=\"spring-actuator\", jobstate=\"failed\"}"
            },
            "properties": [
              {
                "id": "color",
                "value": {
                  "mode": "palette-classic"
                }
              },
              {
                "id": "displayName",
                "value": "Failed"
              }
            ]
          },
          {
            "matcher": {
              "id": "byName",
              "options": "{__name__=\"jobs_snapshot_success\", application=\"item-relationship-service\", instance=\"app-irs-dev:4004\", job=\"spring-actuator\", jobsnapshot=\"job_completed_snapshot\"}"
            },
            "properties": [
              {
                "id": "displayName",
                "value": "completed"
              }
            ]
          },
          {
            "matcher": {
              "id": "byName",
              "options": "{__name__=\"jobs_snapshot_running\", application=\"item-relationship-service\", instance=\"app-irs-dev:4004\", job=\"spring-actuator\", jobsnapshot=\"job_running_snapshot\"}"
            },
            "properties": [
              {
                "id": "displayName",
                "value": "running"
              }
            ]
          },
          {
            "matcher": {
              "id": "byName",
              "options": "{__name__=\"jobs_snapshot_cancelled\", application=\"item-relationship-service\", instance=\"app-irs-dev:4004\", job=\"spring-actuator\", jobsnapshot=\"job_cancelled_snapshot\"}"
            },
            "properties": [
              {
                "id": "displayName",
                "value": "cancelled"
              }
            ]
          },
          {
            "matcher": {
              "id": "byName",
              "options": "{__name__=\"jobs_snapshot_failed\", application=\"item-relationship-service\", instance=\"app-irs-dev:4004\", job=\"spring-actuator\", jobsnapshot=\"job_failed_snapshot\"}"
            },
            "properties": [
              {
                "id": "displayName",
                "value": "failed"
              }
            ]
          }
        ]
      },
      "gridPos": {
        "h": 10,
        "w": 18,
        "x": 0,
        "y": 22
      },
      "id": 20,
      "options": {
        "colorMode": "value",
        "graphMode": "area",
        "justifyMode": "auto",
        "orientation": "auto",
        "reduceOptions": {
          "calcs": [
            "lastNotNull"
          ],
          "fields": "",
          "values": false
        },
        "textMode": "auto"
      },
      "pluginVersion": "9.0.2",
      "targets": [
        {
          "datasource": {
            "type": "prometheus",
            "uid": "PBFA97CFB590B2093"
          },
          "editorMode": "code",
          "expr": "jobs_snapshot_success",
          "legendFormat": "__auto",
          "range": true,
          "refId": "A"
        },
        {
          "datasource": {
            "type": "prometheus",
            "uid": "PBFA97CFB590B2093"
          },
          "editorMode": "code",
          "expr": "jobs_snapshot_running",
          "hide": false,
          "interval": "",
          "legendFormat": "{{label_name}}",
          "range": true,
          "refId": "B"
        },
        {
          "datasource": {
            "type": "prometheus",
            "uid": "PBFA97CFB590B2093"
          },
          "editorMode": "code",
          "expr": "jobs_snapshot_cancelled",
          "hide": false,
          "legendFormat": "__auto",
          "range": true,
          "refId": "C"
        },
        {
          "datasource": {
            "type": "prometheus",
            "uid": "PBFA97CFB590B2093"
          },
          "editorMode": "code",
          "expr": "jobs_snapshot_failed",
          "hide": false,
          "legendFormat": "__auto",
          "range": true,
          "refId": "D"
        }
      ],
      "title": "Snapshot Stat",
      "type": "stat"
    }
  ],
  "refresh": "10s",
  "schemaVersion": 36,
  "style": "dark",
  "tags": [],
  "templating": {
    "list": []
  },
  "time": {
    "from": "now-6h",
    "to": "now"
  },
  "timepicker": {},
  "timezone": "",
  "title": "IRS-Jobs",
  "uid": "YbpWKmk4k",
  "version": 1,
  "weekStart": ""
}